borrower_id,facility_id,segment,industry,product_type,limit,drawn,current_assets,current_liabilities,inventory,receivables,payables,revenue,ebitda,net_debt,debt_service,collateral,haircut,pd,lgd,ead,maturity,undrawn,utilisation,margin,dscr,leverage,working_capital_ratio,quick_ratio,collateral_coverage,receivables_days,inventory_days,payables_days,cash_conversion_cycle
B001,F001,SME Cash Flow,Wholesale Trade,term_loan,1200000,980000,1650000,920000,410000,560000,390000,5200000,620000,1450000,360000,1500000,0.18,0.018,0.42,1040000,3.0,220000,0.8166666666666667,0.11923076923076924,1.7222222222222223,2.338709677419355,1.7934782608695652,1.3478260869565217,1.4423076923076923,39.3,44.3,39.1,44.49999999999999
B002,F002,SME Cash Flow,Construction,overdraft,800000,690000,980000,760000,120000,430000,520000,3700000,310000,1020000,295000,620000,0.25,0.052,0.58,742000,1.0,110000,0.8625,0.08378378378378379,1.0508474576271187,3.2903225806451615,1.2894736842105263,1.131578947368421,0.8355795148247979,42.4,18.2,73.3,-12.700000000000003
B003,F003,Property Backed,Accommodation and Food Services,commercial_mortgage,2400000,2100000,1450000,840000,70000,290000,310000,6100000,760000,2600000,540000,3300000,0.22,0.034,0.33,2220000,4.0,300000,0.875,0.12459016393442623,1.4074074074074074,3.4210526315789473,1.7261904761904763,1.6428571428571428,1.4864864864864864,17.4,6.4,26.5,-2.700000000000003
B004,F004,Working Capital,Manufacturing,revolving_working_capital,1500000,830000,2200000,1340000,760000,690000,610000,7300000,880000,1750000,470000,1180000,0.2,0.026,0.47,1100000,2.5,670000,0.5533333333333333,0.12054794520547946,1.872340425531915,1.9886363636363635,1.6417910447761195,1.0746268656716418,1.0727272727272728,34.5,58.5,43.6,49.4
B005,F005,Trade Finance,Retail Trade,trade_finance,600000,210000,1120000,690000,540000,250000,430000,4500000,390000,720000,230000,480000,0.28,0.041,0.55,420000,1.5,390000,0.35,0.08666666666666667,1.6956521739130435,1.8461538461538463,1.6231884057971016,0.8405797101449275,1.1428571428571428,20.3,67.4,49.8,37.900000000000006
B006,F006,Contingent,Professional Services,guarantee,950000,0,1850000,740000,30000,620000,280000,6800000,1040000,430000,210000,900000,0.16,0.012,0.36,285000,2.0,950000,0.0,0.15294117647058825,4.9523809523809526,0.41346153846153844,2.5,2.4594594594594597,3.1578947368421053,33.3,2.5,21.5,14.299999999999997
